created_at,has_consented,is_listening,frequency,context,when,how,platform,utility,track_genre,duration,energy,tempo,feeling,is_live,quality,curiosity,age_range,gender,position
2025-10-05,"j’ai lu et compris les informations ci-dessus, et je consens à participer.",True,+ d'une fois par jour,['seul(e)'],4.0,['streaming'],['spotify'],"['passer le temps', ""s'échapper""]","['pop', 'rap']",5.0,avec des paroles,2.0,tristes,non,3.0,3.0,entre 19 et 24 ans,homme,technologie & informatique
2025-10-06,"j’ai lu et compris les informations ci-dessus, et je consens à participer.",True,+ d'une fois par jour,['seul(e)'],3.0,['streaming'],"['youtube music', 'soundcloud']",['se concentrer'],"['pop', 'rap', 'dance - electro']",5.0,avec des paroles,2.0,positives,oui,3.0,3.0,entre 19 et 24 ans,homme,technologie & informatique
2025-10-06,"j’ai lu et compris les informations ci-dessus, et je consens à participer.",True,+ d'une fois par jour,"['seul(e)', 'entre amis', 'en fête']",3.0,['streaming'],['youtube music'],"['passer le temps', 'faire la fête']","['rap', 'dance - electro']",5.0,avec des paroles,2.0,positives,non,3.0,3.0,entre 19 et 24 ans,homme,technologie & informatique
2025-10-06,"j’ai lu et compris les informations ci-dessus, et je consens à participer.",True,+ d'une fois par jour,"['seul(e)', 'entre amis', 'en fête']",4.0,"['streaming', 'cd']","['spotify', 'youtube music', 'soundcloud']","['passer le temps', 'faire la fête']","['pop', 'rap', 'rock', 'dance - electro']",5.0,avec des paroles,2.0,positives,non,3.0,4.0,entre 19 et 24 ans,homme,technologie & informatique
2025-10-06,"j’ai lu et compris les informations ci-dessus, et je consens à participer.",True,+ d'une fois par jour,"['seul(e)', 'entre amis', 'en fête']",3.0,['streaming'],['spotify'],"['passer le temps', 'faire la fête']","['pop', 'rap']",5.0,avec des paroles,2.0,positives,oui,3.0,4.0,entre 19 et 24 ans,homme,technologie & informatique
2025-10-06,"j’ai lu et compris les informations ci-dessus, et je consens à participer.",True,+ d'une fois par jour,"['seul(e)', 'en famille']",3.0,['streaming'],['spotify'],"['se concentrer', 'se mettre dans sa bulle']","['rock', 'dance - electro', 'reggae']",5.0,avec une voix mais en fond,1.0,positives,oui,3.0,3.0,entre 45 et 54 ans,homme,construction & industrie
2025-10-06,"j’ai lu et compris les informations ci-dessus, et je consens à participer.",True,+ d'une fois par jour,['seul(e)'],4.0,"['streaming', 'téléchargements']",['youtube music'],['passer le temps'],['classique'],10.0,uniquement instrumentaux,1.0,positives,oui,4.0,2.0,entre 19 et 24 ans,homme,éducation
2025-10-06,"j’ai lu et compris les informations ci-dessus, et je consens à participer.",True,+ d'une fois par semaine,"['seul(e)', 'en famille']",3.0,['streaming'],['spotify'],"[""s'échapper"", 'se concentrer', 'se mettre dans sa bulle']","['dance - electro', ""musique d'ascenseur""]",11.0,uniquement instrumentaux,1.0,positives,non,4.0,1.0,entre 19 et 24 ans,homme,technologie & informatique
2025-10-06,"j’ai lu et compris les informations ci-dessus, et je consens à participer.",True,+ d'une fois par jour,"['seul(e)', 'entre amis', 'en fête']",3.0,"['streaming', 'téléchargements']","['youtube music', 'soundcloud']","['passer le temps', 'faire la fête', ""s'échapper"", 'se mettre dans sa bulle']","['classique', 'pop', 'rock', 'jazz', 'reggae']",11.0,avec une voix mais en fond,1.0,positives,oui,4.0,4.0,entre 19 et 24 ans,homme,arts & médias
2025-10-06,"j’ai lu et compris les informations ci-dessus, et je consens à participer.",True,+ d'une fois par jour,['seul(e)'],4.0,['streaming'],['spotify'],['se mettre dans sa bulle'],"['pop', 'rap']",5.0,avec des paroles,2.0,tristes,non,4.0,4.0,entre 19 et 24 ans,homme,technologie & informatique
2025-10-06,"j’ai lu et compris les informations ci-dessus, et je consens à participer.",True,+ d'une fois par jour,['seul(e)'],3.0,['streaming'],['spotify'],"['passer le temps', ""s'échapper"", 'se concentrer', 'se mettre dans sa bulle']","['pop', 'rock']",5.0,avec des paroles,2.0,tristes,oui,3.0,3.0,entre 19 et 24 ans,homme,technologie & informatique
2025-10-06,"j’ai lu et compris les informations ci-dessus, et je consens à participer.",True,+ d'une fois par jour,"['seul(e)', 'entre amis', 'en famille', 'en fête']",1.0,['streaming'],"['spotify', 'youtube music']","['passer le temps', 'faire la fête', ""s'échapper"", 'danser', 'se concentrer', 'se mettre dans sa bulle']","['classique', 'pop', 'rap', 'rock', 'dance - electro', 'jazz', 'latino', 'soul-r&b']",5.0,avec des paroles,1.0,tristes,non,4.0,4.0,entre 19 et 24 ans,homme,arts & médias
2025-10-06,"j’ai lu et compris les informations ci-dessus, et je consens à participer.",True,+ d'une fois par jour,"['seul(e)', 'en fête']",4.0,['streaming'],['deezer'],"['passer le temps', 'faire la fête', ""s'échapper"", 'se mettre dans sa bulle']",['rock'],5.0,avec des paroles,2.0,positives,oui,4.0,3.0,entre 19 et 24 ans,homme,construction & industrie
2025-10-06,"j’ai lu et compris les informations ci-dessus, et je consens à participer.",True,+ d'une fois par semaine,['seul(e)'],4.0,['streaming'],['youtube music'],"['passer le temps', ""s'échapper"", 'se mettre dans sa bulle']","['pop', 'rap']",5.0,avec des paroles,2.0,tristes,oui,4.0,3.0,entre 19 et 24 ans,homme,technologie & informatique
2025-10-06,"j’ai lu et compris les informations ci-dessus, et je consens à participer.",True,+ d'une fois par jour,"['seul(e)', 'en fête']",4.0,"['streaming', 'cd']","['spotify', 'deezer']","['passer le temps', 'faire la fête', 'danser']","['pop', 'rock']",5.0,avec des paroles,2.0,positives,oui,3.0,3.0,entre 19 et 24 ans,femme,préfère ne pas dire
2025-10-06,"j’ai lu et compris les informations ci-dessus, et je consens à participer.",True,+ d'une fois par jour,"['seul(e)', 'entre amis', 'en fête']",2.0,"['streaming', 'téléchargements']","['deezer', 'soundcloud']","['passer le temps', 'faire la fête', 'se concentrer']","['classique', 'pop', 'rap', 'rock']",5.0,avec des paroles,2.0,positives,non,3.0,4.0,entre 19 et 24 ans,homme,santé
2025-10-06,"j’ai lu et compris les informations ci-dessus, et je consens à participer.",True,+ d'une fois par jour,"['seul(e)', 'entre amis', 'en fête']",3.0,['streaming'],['deezer'],"['passer le temps', 'faire la fête']","['pop', 'rap', 'rock', 'latino']",5.0,avec des paroles,2.0,positives,oui,3.0,3.0,entre 19 et 24 ans,femme,santé
2025-10-06,"j’ai lu et compris les informations ci-dessus, et je consens à participer.",True,+ d'une fois par jour,"['seul(e)', 'entre amis', 'en famille', 'en fête']",4.0,"['streaming', 'cd', 'téléchargements']","['spotify', 'youtube music']","['faire la fête', 'danser', 'se concentrer', 'se mettre dans sa bulle']","['classique', 'rock', 'dance - electro']",2.0,uniquement instrumentaux,2.0,tristes,non,4.0,3.0,entre 19 et 24 ans,homme,préfère ne pas dire
2025-10-06,"j’ai lu et compris les informations ci-dessus, et je consens à participer.",True,+ d'une fois par jour,"['seul(e)', 'entre amis', 'en fête']",4.0,['streaming'],['spotify'],"['faire la fête', ""s'échapper"", 'danser', 'se concentrer', 'se mettre dans sa bulle']","['pop', 'rock', 'dance - electro']",5.0,avec des paroles,2.0,tristes,oui,3.0,4.0,entre 19 et 24 ans,femme,préfère ne pas dire
2025-10-06,"j’ai lu et compris les informations ci-dessus, et je consens à participer.",True,+ d'une fois par semaine,"['seul(e)', 'entre amis', 'en famille', 'en fête']",4.0,"['streaming', 'vinyle']",['deezer'],"['passer le temps', 'faire la fête', ""s'échapper"", 'danser', 'se concentrer', 'se mettre dans sa bulle']","['classique', 'pop', 'rock', 'jazz', 'reggae']",5.0,avec des paroles,1.0,positives,oui,3.0,3.0,entre 19 et 24 ans,femme,arts & médias
2025-10-06,"j’ai lu et compris les informations ci-dessus, et je consens à participer.",True,+ d'une fois par jour,['seul(e)'],4.0,['streaming'],['spotify'],['passer le temps'],"['pop', 'rap', 'rock', 'soul-r&b']",5.0,avec des paroles,2.0,positives,oui,4.0,3.0,entre 19 et 24 ans,homme,éducation
2025-10-06,"j’ai lu et compris les informations ci-dessus, et je consens à participer.",True,+ d'une fois par mois,"['seul(e)', 'en fête']",4.0,['streaming'],['spotify'],"['passer le temps', 'faire la fête']","['pop', 'rap']",5.0,avec des paroles,2.0,tristes,non,3.0,3.0,entre 19 et 24 ans,homme,technologie & informatique
2025-10-07,"j’ai lu et compris les informations ci-dessus, et je consens à participer.",True,+ d'une fois par jour,"['seul(e)', 'en fête']",4.0,['streaming'],['spotify'],"['passer le temps', 'faire la fête', 'danser']","['classique', 'pop', 'rock', 'jazz', 'latino']",2.0,avec des paroles,2.0,positives,oui,4.0,3.0,entre 19 et 24 ans,homme,commerce & services
2025-10-07,"j’ai lu et compris les informations ci-dessus, et je consens à participer.",True,+ d'une fois par jour,"['seul(e)', 'en famille', 'en fête']",4.0,['télé .... sur mon ordi'],"['spotify', 'youtube music']","['passer le temps', 'faire la fête', 'danser', 'se concentrer']","['pop', 'rap', 'dance - electro', 'jazz', 'latino', 'soul-r&b', 'reggae']",11.0,avec une voix mais en fond,2.0,positives,non,4.0,3.0,entre 45 et 54 ans,femme,éducation
2025-10-07,"j’ai lu et compris les informations ci-dessus, et je consens à participer.",True,+ d'une fois par jour,"['seul(e)', 'entre amis']",4.0,"['streaming', 'téléchargements']",['youtube music'],"['passer le temps', ""s'échapper"", 'danser', 'se mettre dans sa bulle']","['pop', 'rock', 'jazz']",5.0,avec des paroles,2.0,positives,non,3.0,3.0,entre 25 et 34 ans,autre,éducation
2025-10-07,"j’ai lu et compris les informations ci-dessus, et je consens à participer.",True,+ d'une fois par jour,"['seul(e)', 'autre']",2.0,"['streaming', 'radio']","['youtube music', 'radio']","['passer le temps', ""s'échapper""]","['pop', 'variété']",10.0,avec des paroles,2.0,positives,oui,4.0,2.0,entre 55 et 64 ans,femme,santé
2025-10-07,"j’ai lu et compris les informations ci-dessus, et je consens à participer.",True,+ d'une fois par jour,['seul(e)'],3.0,"['téléchargements', 'radio']",['youtube music'],"['passer le temps', 'faire la fête']","['rock', 'dance - electro']",5.0,avec des paroles,2.0,positives,non,4.0,3.0,entre 45 et 54 ans,homme,commerce & services
2025-10-07,"j’ai lu et compris les informations ci-dessus, et je consens à participer.",True,+ d'une fois par jour,"['seul(e)', 'entre amis', 'en famille', 'en fête', 'autre']",3.0,"['streaming', 'cd', 'en live']","['spotify', 'youtube music']","['passer le temps', 'faire la fête', ""s'échapper"", 'danser', 'se concentrer', 'se mettre dans sa bulle']","['classique', 'pop', 'rock', 'jazz', 'soul-r&b']",5.0,avec des paroles,1.0,tristes,oui,4.0,4.0,entre 25 et 34 ans,femme,arts & médias
2025-10-07,"j’ai lu et compris les informations ci-dessus, et je consens à participer.",True,+ d'une fois par jour,"['seul(e)', 'entre amis', 'en famille', 'en fête']",1.0,['radio'],['youtube music'],"[""s'échapper""]","['classique', 'rock']",11.0,avec des paroles,2.0,positives,oui,3.0,4.0,entre 25 et 34 ans,homme,commerce & services
2025-10-07,"j’ai lu et compris les informations ci-dessus, et je consens à participer.",True,+ d'une fois par semaine,"['seul(e)', 'entre amis']",1.0,['streaming'],"['spotify', 'deezer']","['passer le temps', ""s'échapper"", 'se mettre dans sa bulle']","['classique', 'jazz', 'soul-r&b']",5.0,avec des paroles,1.0,positives,non,3.0,3.0,entre 35 et 44 ans,homme,commerce & services
2025-10-07,"j’ai lu et compris les informations ci-dessus, et je consens à participer.",True,+ d'une fois par jour,['seul(e)'],4.0,['en roulant en voiture (radio)'],['youtube music'],"[""s'échapper"", 'se mettre dans sa bulle']","['pop', 'dance - electro', 'variété française et internationale']",5.0,avec des paroles,2.0,positives,non,4.0,3.0,entre 25 et 34 ans,femme,fonction territoriale
2025-10-07,"j’ai lu et compris les informations ci-dessus, et je consens à participer.",True,+ d'une fois par jour,"['seul(e)', 'entre amis', 'en fête']",4.0,['streaming'],['youtube music'],"['passer le temps', 'faire la fête', 'se concentrer', 'se mettre dans sa bulle']","['classique', 'pop', 'rock', 'dance - electro']",5.0,avec des paroles,2.0,tristes,oui,4.0,3.0,entre 19 et 24 ans,homme,commerce & services
2025-10-07,"j’ai lu et compris les informations ci-dessus, et je consens à participer.",True,+ d'une fois par jour,['seul(e)'],4.0,['streaming'],['spotify'],"['passer le temps', 'se concentrer']","['classique', 'pop', 'rap', 'rock', 'dance - electro']",5.0,avec une voix mais en fond,3.0,positives,oui,4.0,4.0,entre 19 et 24 ans,homme,technologie & informatique
2025-10-08,"j’ai lu et compris les informations ci-dessus, et je consens à participer.",True,+ d'une fois par jour,['seul(e)'],4.0,['streaming'],['deezer'],"['passer le temps', 'se concentrer', 'se mettre dans sa bulle']","['pop', 'rap', 'rock']",5.0,avec des paroles,2.0,tristes,non,3.0,3.0,entre 12 et 18 ans,homme,technologie & informatique
2025-10-08,"j’ai lu et compris les informations ci-dessus, et je consens à participer.",True,+ d'une fois par jour,"['seul(e)', 'en fête']",1.0,"['streaming', 'téléchargements']","['deezer', 'youtube music', 'soundcloud']","['passer le temps', 'faire la fête', ""s'échapper"", 'se concentrer', 'se mettre dans sa bulle']",['hardtechno'],5.0,uniquement instrumentaux,4.0,tristes,oui,4.0,3.0,entre 19 et 24 ans,homme,technologie & informatique
2025-10-08,"j’ai lu et compris les informations ci-dessus, et je consens à participer.",True,+ d'une fois par jour,"['seul(e)', 'entre amis', 'en fête', 'autre']",3.0,"['streaming', 'cd', 'téléchargements']",['spotify'],"['passer le temps', 'faire la fête', ""s'échapper"", 'se concentrer', 'se mettre dans sa bulle']","['classique', 'pop', 'rock', 'dance - electro']",5.0,avec des paroles,2.0,positives,oui,4.0,3.0,entre 19 et 24 ans,homme,etudiant
2025-10-08,"j’ai lu et compris les informations ci-dessus, et je consens à participer.",True,+ d'une fois par jour,['seul(e)'],1.0,"['streaming', 'téléchargements']",['spotify'],"['passer le temps', ""s'échapper"", 'se concentrer', 'se mettre dans sa bulle']","['pop', 'rock', 'dance - electro', 'ambiente']",5.0,avec des paroles,2.0,positives,non,4.0,3.0,entre 19 et 24 ans,femme,technologie & informatique
2025-10-08,"j’ai lu et compris les informations ci-dessus, et je consens à participer.",True,+ d'une fois par jour,"['seul(e)', 'en fête', 'autre']",4.0,"['streaming', 'vinyle', 'cd']",['deezer'],"['passer le temps', ""s'échapper""]","['classique', 'pop', 'rock']",11.0,avec des paroles,2.0,positives,oui,3.0,4.0,entre 55 et 64 ans,femme,éducation
2025-10-08,"j’ai lu et compris les informations ci-dessus, et je consens à participer.",True,+ d'une fois par jour,"['seul(e)', 'entre amis', 'en fête']",1.0,"['streaming', 'cd', 'radio']",['deezer'],"['faire la fête', ""s'échapper""]","['pop', 'rock', 'latino']",11.0,avec des paroles,2.0,positives,non,4.0,3.0,entre 55 et 64 ans,femme,commerce & services
2025-10-08,"j’ai lu et compris les informations ci-dessus, et je consens à participer.",True,+ d'une fois par jour,"['seul(e)', 'entre amis']",3.0,"['streaming', 'téléchargements']","['spotify', 'youtube music']","['passer le temps', ""s'échapper"", 'danser', 'se concentrer', 'se mettre dans sa bulle']","['latino', 'vocaloid']",5.0,avec des paroles,2.0,positives,oui,4.0,3.0,entre 19 et 24 ans,préfère ne pas dire,etudiant
2025-10-08,"j’ai lu et compris les informations ci-dessus, et je consens à participer.",True,+ d'une fois par jour,"['seul(e)', 'entre amis']",4.0,"['streaming', 'téléchargements']",['youtube music'],"['passer le temps', 'danser']","['pop', 'rap']",5.0,avec des paroles,2.0,positives,non,3.0,3.0,entre 25 et 34 ans,femme,éducation
2025-10-08,"j’ai lu et compris les informations ci-dessus, et je consens à participer.",True,+ d'une fois par jour,"['seul(e)', 'entre amis']",4.0,"['streaming', 'cd']","['spotify', 'youtube music']","['passer le temps', 'se concentrer', 'se mettre dans sa bulle']","['pop', 'rap', 'rock']",5.0,avec des paroles,2.0,positives,non,4.0,3.0,entre 25 et 34 ans,femme,commerce & services
2025-10-08,"j’ai lu et compris les informations ci-dessus, et je consens à participer.",True,+ d'une fois par jour,['seul(e)'],3.0,['streaming'],['spotify'],"['passer le temps', ""s'échapper"", 'se concentrer', 'se mettre dans sa bulle']",['autres'],11.0,avec une voix mais en fond,2.0,positives,non,4.0,2.0,entre 12 et 18 ans,femme,etudiante
2025-10-08,"j’ai lu et compris les informations ci-dessus, et je consens à participer.",True,+ d'une fois par jour,['seul(e)'],3.0,['streaming'],['spotify'],"['passer le temps', ""s'échapper"", 'se concentrer', 'se mettre dans sa bulle']","['rap', 'phonk', 'funk', 'opening animé']",11.0,avec une voix mais en fond,2.0,positives,non,4.0,2.0,entre 12 et 18 ans,femme,étudiante
2025-10-08,"j’ai lu et compris les informations ci-dessus, et je consens à participer.",True,+ d'une fois par jour,['seul(e)'],4.0,['streaming'],"['spotify', 'youtube music']","['passer le temps', 'se concentrer', 'se mettre dans sa bulle']","['pop', 'rap', 'latino', 'soul-r&b', 'reggae', 'k pop']",11.0,avec des paroles,2.0,positives,oui,4.0,3.0,entre 45 et 54 ans,femme,assistante maternelle
2025-10-08,"j’ai lu et compris les informations ci-dessus, et je consens à participer.",True,+ d'une fois par jour,"['seul(e)', 'entre amis', 'en fête']",4.0,"['streaming', 'téléchargements']","['deezer', 'apple music']","['passer le temps', 'faire la fête', ""s'échapper"", 'se mettre dans sa bulle']","['pop', 'rap', 'soul-r&b']",5.0,avec des paroles,2.0,positives,oui,4.0,3.0,entre 25 et 34 ans,femme,éducation
2025-10-08,"j’ai lu et compris les informations ci-dessus, et je consens à participer.",True,+ d'une fois par jour,['seul(e)'],4.0,['streaming'],['spotify'],"['passer le temps', 'faire la fête', ""s'échapper"", 'danser', 'se concentrer', 'se mettre dans sa bulle']","['pop', 'rap']",5.0,avec des paroles,1.0,tristes,non,4.0,3.0,entre 19 et 24 ans,homme,préfère ne pas dire
2025-10-09,"j’ai lu et compris les informations ci-dessus, et je consens à participer.",True,+ d'une fois par jour,['seul(e)'],4.0,"['streaming', 'cd']",['youtube music'],['passer le temps'],"['pop', 'rock']",5.0,avec des paroles,2.0,tristes,oui,3.0,3.0,entre 55 et 64 ans,homme,construction & industrie
2025-10-09,"j’ai lu et compris les informations ci-dessus, et je consens à participer.",True,+ d'une fois par jour,['seul(e)'],1.0,"['streaming', 'téléchargements']",['spotify'],['passer le temps'],"['pop', 'rock']",5.0,avec des paroles,2.0,positives,non,4.0,3.0,entre 25 et 34 ans,femme,éducation
2025-10-09,"j’ai lu et compris les informations ci-dessus, et je consens à participer.",True,+ d'une fois par semaine,"['seul(e)', 'entre amis', 'en fête']",3.0,['streaming'],['youtube'],"['faire la fête', 'se concentrer']","['pop', 'rock']",5.0,avec des paroles,2.0,positives,non,3.0,3.0,entre 19 et 24 ans,homme,sciences humaines
2025-10-09,"j’ai lu et compris les informations ci-dessus, et je consens à participer.",True,+ d'une fois par semaine,"['seul(e)', 'entre amis']",3.0,['streaming'],"['deezer', 'youtube music']","[""s'échapper"", 'se concentrer']","['pop', 'rock', 'musiques de film']",5.0,avec une voix mais en fond,1.0,tristes,non,3.0,3.0,entre 25 et 34 ans,femme,éducation
2025-10-09,"j’ai lu et compris les informations ci-dessus, et je consens à participer.",True,+ d'une fois par semaine,"['seul(e)', 'en fête']",4.0,"['streaming', 'téléchargements']",['deezer'],"['faire la fête', ""s'échapper"", 'danser', 'se mettre dans sa bulle']","['classique', 'soul-r&b', 'techno']",5.0,avec une voix mais en fond,2.0,positives,non,4.0,3.0,entre 19 et 24 ans,femme,environnement
2025-10-09,"j’ai lu et compris les informations ci-dessus, et je consens à participer.",True,+ d'une fois par jour,"['seul(e)', 'entre amis', 'en famille', 'en fête']",4.0,['streaming'],['spotify'],"['danser', 'se concentrer', 'se mettre dans sa bulle']","['pop', 'rock']",5.0,avec des paroles,2.0,positives,non,4.0,3.0,entre 25 et 34 ans,femme,arts & médias
2025-10-09,"j’ai lu et compris les informations ci-dessus, et je consens à participer.",True,+ d'une fois par jour,"['seul(e)', 'entre amis', 'en fête']",4.0,['streaming'],['youtube music'],"['passer le temps', ""s'échapper"", 'se concentrer', 'se mettre dans sa bulle']","['classique', 'pop', 'rap', 'dance - electro']",5.0,avec des paroles,2.0,positives,non,3.0,3.0,entre 19 et 24 ans,homme,technologie & informatique
2025-10-09,"j’ai lu et compris les informations ci-dessus, et je consens à participer.",True,+ d'une fois par jour,['seul(e)'],4.0,['streaming'],['spotify'],"[""s'échapper""]",['night core regey'],2.0,avec des paroles,3.0,positives,oui,4.0,4.0,entre 19 et 24 ans,homme,technologie & informatique
2025-10-09,"j’ai lu et compris les informations ci-dessus, et je consens à participer.",True,+ d'une fois par jour,"['seul(e)', 'entre amis', 'en famille', 'en fête']",4.0,['streaming'],"['spotify', 'youtube music', 'soundcloud', ""je n'écoute pas sur une platforme de streaming""]","['passer le temps', 'faire la fête', ""s'échapper"", 'danser', 'se concentrer', 'se mettre dans sa bulle']","['classique', 'rap', 'reggae', 'metal', 'trap metal']",5.0,avec des paroles,2.0,tristes,non,4.0,4.0,entre 19 et 24 ans,homme,technologie & informatique
2025-10-09,"j’ai lu et compris les informations ci-dessus, et je consens à participer.",True,+ d'une fois par jour,['seul(e)'],3.0,"['streaming', 'cd', 'cassettes']",['spotify'],"[""s'échapper"", 'se concentrer', 'se mettre dans sa bulle']",['rock prog'],10.0,avec une voix mais en fond,2.0,tristes,oui,4.0,3.0,entre 19 et 24 ans,homme,technologie & informatique
2025-10-09,"j’ai lu et compris les informations ci-dessus, et je consens à participer.",True,+ d'une fois par semaine,"['seul(e)', 'entre amis', 'en famille', 'en fête', 'autre']",3.0,['streaming'],['youtube music'],"[""s'échapper"", 'danser', 'se mettre dans sa bulle']","['rap', 'rock', 'dance - electro', 'latino', 'reggae']",10.0,avec des paroles,2.0,positives,oui,4.0,3.0,entre 35 et 44 ans,femme,agriculture
2025-10-09,"j’ai lu et compris les informations ci-dessus, et je consens à participer.",True,+ d'une fois par jour,"['seul(e)', 'en famille', 'en fête']",4.0,"['streaming', 'cd']","['spotify', 'youtube music']","['passer le temps', ""s'échapper"", 'danser', 'se mettre dans sa bulle']","['pop', 'dance - electro', 'annees 80']",5.0,avec des paroles,2.0,positives,non,4.0,4.0,entre 45 et 54 ans,femme,fonctionnaire
2025-10-09,"j’ai lu et compris les informations ci-dessus, et je consens à participer.",True,+ d'une fois par jour,"['seul(e)', 'entre amis', 'en famille', 'en fête']",1.0,"['streaming', 'vinyle', 'concert', 'festival']","['deezer', 'youtube music']","['faire la fête', ""s'échapper""]","['rock', 'death métal']",11.0,avec des paroles,2.0,positives,oui,4.0,3.0,entre 45 et 54 ans,homme,préfère ne pas dire
2025-10-09,"j’ai lu et compris les informations ci-dessus, et je consens à participer.",True,+ d'une fois par jour,"['seul(e)', 'en famille', 'en fête']",3.0,['streaming'],['deezer'],"['passer le temps', 'danser', 'se concentrer', 'se mettre dans sa bulle']","['pop', 'rock', 'dance - electro']",11.0,avec une voix mais en fond,2.0,positives,oui,4.0,3.0,entre 45 et 54 ans,homme,technologie & informatique
2025-10-09,"j’ai lu et compris les informations ci-dessus, et je consens à participer.",True,+ d'une fois par jour,['seul(e)'],1.0,['streaming'],['deezer'],['se mettre dans sa bulle'],['dance - electro'],5.0,avec des paroles,2.0,positives,non,4.0,1.0,entre 45 et 54 ans,homme,commerce & services
2025-10-09,"j’ai lu et compris les informations ci-dessus, et je consens à participer.",True,+ d'une fois par jour,"['seul(e)', 'entre amis', 'en fête']",1.0,['streaming'],['deezer'],"['passer le temps', 'faire la fête', 'danser', 'se mettre dans sa bulle']","['rap', 'rock', 'latino', 'soul-r&b', 'reggae']",5.0,avec des paroles,2.0,positives,non,3.0,4.0,entre 19 et 24 ans,homme,préfère ne pas dire
2025-10-09,"j’ai lu et compris les informations ci-dessus, et je consens à participer.",True,+ d'une fois par jour,['seul(e)'],1.0,['streaming'],['spotify'],['se mettre dans sa bulle'],"['pop', 'rock']",5.0,avec une voix mais en fond,2.0,tristes,oui,3.0,3.0,entre 45 et 54 ans,femme,éducation
2025-10-09,"j’ai lu et compris les informations ci-dessus, et je consens à participer.",True,+ d'une fois par semaine,"['seul(e)', 'en famille']",1.0,['streaming'],['spotify'],['passer le temps'],"['pop', 'rock', 'dance - electro', 'jazz']",5.0,avec des paroles,2.0,positives,non,3.0,3.0,entre 45 et 54 ans,homme,technologie & informatique
2025-10-09,"j’ai lu et compris les informations ci-dessus, et je consens à participer.",True,+ d'une fois par jour,"['seul(e)', 'entre amis', 'en fête']",1.0,['streaming'],"['deezer', 'youtube music']","['faire la fête', ""s'échapper"", 'danser']","['pop', 'rap', 'rock', 'soul-r&b']",2.0,avec des paroles,2.0,positives,non,4.0,3.0,entre 35 et 44 ans,femme,préfère ne pas dire
2025-10-09,"j’ai lu et compris les informations ci-dessus, et je consens à participer.",True,+ d'une fois par jour,"['seul(e)', 'entre amis', 'en famille', 'en fête']",1.0,['téléchargements'],['spotify'],"['se concentrer', 'se mettre dans sa bulle']","['pop', 'rap', 'rock', 'latino', 'soul-r&b', 'reggae']",10.0,avec des paroles,2.0,positives,non,4.0,3.0,entre 45 et 54 ans,femme,éducation
2025-10-09,"j’ai lu et compris les informations ci-dessus, et je consens à participer.",True,+ d'une fois par jour,"['seul(e)', 'entre amis', 'en fête']",4.0,"['streaming', 'vinyle']",['spotify'],"['passer le temps', 'faire la fête', 'se concentrer', 'se mettre dans sa bulle']","['pop', 'dance - electro', 'soul-r&b', 'reggae']",5.0,avec des paroles,2.0,positives,oui,3.0,3.0,entre 25 et 34 ans,femme,communication
2025-10-10,"j’ai lu et compris les informations ci-dessus, et je consens à participer.",True,+ d'une fois par jour,"['seul(e)', 'en fête']",1.0,"['streaming', 'téléchargements']",['spotify'],"['passer le temps', 'faire la fête', ""s'échapper"", 'se concentrer', 'se mettre dans sa bulle']","['rock', 'dance - electro']",10.0,avec des paroles,3.0,positives,oui,4.0,3.0,entre 45 et 54 ans,homme,préfère ne pas dire
2025-10-10,"j’ai lu et compris les informations ci-dessus, et je consens à participer.",True,+ d'une fois par jour,"['seul(e)', 'entre amis', 'en famille', 'en fête']",4.0,['streaming'],['deezer'],"['faire la fête', ""s'échapper"", 'se mettre dans sa bulle']","['pop', 'rap', 'rock', 'soul-r&b']",11.0,avec des paroles,2.0,tristes,oui,4.0,3.0,entre 45 et 54 ans,homme,commerce & services
2025-10-10,"j’ai lu et compris les informations ci-dessus, et je consens à participer.",True,+ d'une fois par jour,"['seul(e)', 'entre amis', 'en famille']",4.0,"['streaming', 'téléchargements']","['spotify', 'deezer', 'youtube music']","[""s'échapper"", 'se mettre dans sa bulle']","['latino', 'chansons françaises']",5.0,avec des paroles,1.0,tristes,oui,4.0,3.0,entre 45 et 54 ans,homme,commerce & services
2025-10-10,"j’ai lu et compris les informations ci-dessus, et je consens à participer.",True,+ d'une fois par jour,"['seul(e)', 'entre amis', 'en famille', 'en fête']",3.0,['streaming'],"['spotify', 'youtube music']","['faire la fête', 'danser', 'se mettre dans sa bulle']","['rock', 'métal']",5.0,avec des paroles,3.0,positives,oui,4.0,3.0,entre 45 et 54 ans,homme,technologie & informatique
2025-10-10,"j’ai lu et compris les informations ci-dessus, et je consens à participer.",True,+ d'une fois par jour,['seul(e)'],3.0,['streaming'],['spotify'],['se concentrer'],['populaire'],11.0,avec des paroles,2.0,positives,oui,3.0,2.0,entre 55 et 64 ans,homme,retraite
2025-10-10,"j’ai lu et compris les informations ci-dessus, et je consens à participer.",True,+ d'une fois par jour,"['seul(e)', 'entre amis', 'en famille']",3.0,"['streaming', 'téléchargements']",['youtube music'],"[""s'échapper"", 'se concentrer', 'se mettre dans sa bulle']","['classique', 'pop', 'rock', 'latino']",11.0,avec une voix mais en fond,2.0,positives,non,4.0,3.0,entre 45 et 54 ans,femme,santé
2025-10-10,"j’ai lu et compris les informations ci-dessus, et je consens à participer.",True,+ d'une fois par jour,"['seul(e)', 'entre amis', 'en famille', 'en fête', 'autre']",4.0,['streaming'],['spotify'],"['passer le temps', 'faire la fête', ""s'échapper"", 'danser', 'se concentrer', 'se mettre dans sa bulle']","['classique', 'pop', 'jazz', 'latino', 'soul-r&b', 'reggae']",5.0,avec des paroles,2.0,positives,oui,4.0,4.0,entre 35 et 44 ans,femme,commerce & services
2025-10-10,"j’ai lu et compris les informations ci-dessus, et je consens à participer.",True,+ d'une fois par semaine,['autre'],3.0,['radio'],"['apple music', 'fun radio']",['passer le temps'],['classique'],5.0,avec des paroles,1.0,positives,non,3.0,3.0,entre 45 et 54 ans,femme,santé
2025-10-10,"j’ai lu et compris les informations ci-dessus, et je consens à participer.",True,+ d'une fois par jour,"['seul(e)', 'en famille', 'en fête', 'autre']",3.0,['streaming'],['youtube music'],"['passer le temps', 'faire la fête', ""s'échapper"", 'se mettre dans sa bulle']","['pop', 'dance - electro', 'latino']",2.0,avec des paroles,2.0,positives,oui,3.0,3.0,entre 55 et 64 ans,femme,commerce & services
2025-10-10,"j’ai lu et compris les informations ci-dessus, et je consens à participer.",True,+ d'une fois par jour,"['seul(e)', 'en famille', 'en fête']",1.0,"['streaming', 'vinyle', 'cd', 'téléchargements', 'autoradios']","['youtube music', 'apple music', 'shazam']","['passer le temps', 'faire la fête', ""s'échapper"", 'danser']","['pop', 'rock', 'latino', 'soul-r&b', 'reggae']",5.0,avec des paroles,2.0,positives,oui,4.0,4.0,entre 45 et 54 ans,femme,santé
2025-10-10,"j’ai lu et compris les informations ci-dessus, et je consens à participer.",True,+ d'une fois par semaine,"['seul(e)', 'entre amis', 'en famille']",4.0,['streaming'],['spotify'],"['passer le temps', ""s'échapper""]","['jazz', 'latino', 'blues', 'variétés']",5.0,avec des paroles,1.0,positives,non,4.0,3.0,entre 45 et 54 ans,femme,sociale
2025-10-10,"j’ai lu et compris les informations ci-dessus, et je consens à participer.",True,+ d'une fois par jour,"['seul(e)', 'en famille']",4.0,"['cd', 'radio']",['youtube music'],"['passer le temps', ""s'échapper"", 'se mettre dans sa bulle']","['pop', 'rock', 'soul-r&b', 'dub']",11.0,avec des paroles,3.0,positives,oui,3.0,4.0,entre 35 et 44 ans,femme,animation
2025-10-10,"j’ai lu et compris les informations ci-dessus, et je consens à participer.",True,+ d'une fois par jour,"['seul(e)', 'en famille']",3.0,['streaming'],"['youtube music', 'soundcloud']","[""s'échapper"", 'se mettre dans sa bulle']",['ori deck'],5.0,avec des paroles,3.0,positives,oui,3.0,3.0,entre 35 et 44 ans,femme,petite enfance
2025-10-10,"j’ai lu et compris les informations ci-dessus, et je consens à participer.",True,+ d'une fois par jour,['seul(e)'],4.0,"['streaming', 'téléchargements']",['youtube music'],"[""s'échapper""]","['pop', 'rock', 'dance - electro', 'latino']",5.0,avec des paroles,2.0,positives,oui,3.0,3.0,entre 35 et 44 ans,femme,arts & médias
2025-10-10,"j’ai lu et compris les informations ci-dessus, et je consens à participer.",True,+ d'une fois par jour,"['seul(e)', 'entre amis', 'en famille', 'en fête']",4.0,"['streaming', 'vinyle', 'cd']","['deezer', 'youtube music']","['passer le temps', ""s'échapper"", 'se concentrer', 'se mettre dans sa bulle']","['pop', 'rock', 'soul-r&b', 'reggae']",11.0,avec des paroles,1.0,positives,oui,4.0,4.0,entre 35 et 44 ans,femme,culture
2025-10-10,"j’ai lu et compris les informations ci-dessus, et je consens à participer.",True,+ d'une fois par jour,['en famille'],3.0,"['vinyle', 'téléchargements']",['deezer'],"['passer le temps', 'faire la fête', 'danser']","['classique', 'pop', 'rock']",11.0,avec des paroles,2.0,positives,oui,4.0,3.0,entre 45 et 54 ans,femme,arts & médias
2025-10-10,"j’ai lu et compris les informations ci-dessus, et je consens à participer.",True,+ d'une fois par jour,"['seul(e)', 'entre amis', 'en famille', 'en fête']",3.0,['streaming'],['spotify'],"['faire la fête', ""s'échapper"", 'danser', 'se mettre dans sa bulle']","['classique', 'pop', 'rap', 'rock', 'jazz', 'soul-r&b']",10.0,avec des paroles,1.0,tristes,non,4.0,3.0,entre 35 et 44 ans,femme,santé
2025-10-10,"j’ai lu et compris les informations ci-dessus, et je consens à participer.",True,+ d'une fois par jour,['seul(e)'],4.0,"['streaming', 'téléchargements']",['deezer'],['se mettre dans sa bulle'],['rock'],5.0,avec des paroles,2.0,tristes,oui,4.0,2.0,entre 45 et 54 ans,homme,technologie & informatique
2025-10-10,"j’ai lu et compris les informations ci-dessus, et je consens à participer.",True,+ d'une fois par semaine,"['seul(e)', 'en fête']",4.0,"['streaming', 'téléchargements']","['deezer', 'youtube music']","[""s'échapper"", 'se mettre dans sa bulle']","['classique', 'dance - electro']",11.0,avec des paroles,2.0,positives,non,3.0,3.0,entre 45 et 54 ans,femme,enfance
2025-10-10,"j’ai lu et compris les informations ci-dessus, et je consens à participer.",True,+ d'une fois par semaine,['seul(e)'],4.0,['cd'],"[""je n'écoute pas sur une platforme de streaming""]","['passer le temps', ""s'échapper"", 'se concentrer', 'se mettre dans sa bulle']","['classique', 'pop', 'rap', 'rock', 'jazz', 'latino', 'soul-r&b', 'reggae', 'musique du monde']",10.0,avec des paroles,2.0,positives,non,4.0,4.0,entre 35 et 44 ans,femme,arts & médias
2025-10-10,"j’ai lu et compris les informations ci-dessus, et je consens à participer.",True,+ d'une fois par jour,['seul(e)'],4.0,['youtube'],"[""je n'écoute pas sur une platforme de streaming""]","[""s'échapper""]",['metal'],10.0,avec des paroles,4.0,tristes,oui,4.0,4.0,entre 45 et 54 ans,homme,santé
2025-10-10,"j’ai lu et compris les informations ci-dessus, et je consens à participer.",True,+ d'une fois par jour,"['seul(e)', 'entre amis', 'en famille', 'en fête']",1.0,['radio'],"['spotify', 'youtube music']","['faire la fête', 'danser', 'se concentrer', 'se mettre dans sa bulle']","['pop', 'rock', 'dance - electro']",11.0,avec des paroles,2.0,positives,oui,4.0,3.0,entre 45 et 54 ans,femme,administratif telecom
2025-10-10,"j’ai lu et compris les informations ci-dessus, et je consens à participer.",True,+ d'une fois par jour,['seul(e)'],1.0,['streaming'],['deezer'],['se mettre dans sa bulle'],['rock'],10.0,avec des paroles,2.0,positives,non,4.0,3.0,entre 45 et 54 ans,femme,commerce & services
2025-10-10,"j’ai lu et compris les informations ci-dessus, et je consens à participer.",True,+ d'une fois par jour,"['seul(e)', 'autre']",4.0,['streaming'],"['spotify', 'youtube music']","['passer le temps', 'se concentrer']","['classique', 'jazz']",11.0,avec des paroles,2.0,positives,non,4.0,3.0,entre 55 et 64 ans,femme,redacteur administratif
2025-10-10,"j’ai lu et compris les informations ci-dessus, et je consens à participer.",True,+ d'une fois par jour,"['seul(e)', 'entre amis', 'en famille', 'en fête']",3.0,"['streaming', 'cd']","['spotify', 'youtube music']","['faire la fête', 'danser', 'se mettre dans sa bulle']","['pop', 'rap']",5.0,avec des paroles,2.0,positives,non,3.0,3.0,entre 35 et 44 ans,femme,préfère ne pas dire
2025-10-10,"j’ai lu et compris les informations ci-dessus, et je consens à participer.",True,+ d'une fois par semaine,"['seul(e)', 'en fête']",1.0,['streaming'],"['youtube music', ""je n'écoute pas sur une platforme de streaming""]","['faire la fête', ""s'échapper"", 'se mettre dans sa bulle']","['pop', 'soul-r&b', 'reggae']",11.0,avec des paroles,2.0,positives,non,2.0,3.0,entre 45 et 54 ans,femme,santé
2025-10-10,"j’ai lu et compris les informations ci-dessus, et je consens à participer.",True,+ d'une fois par semaine,"['seul(e)', 'entre amis', 'en famille', 'en fête']",1.0,"['streaming', 'vinyle', 'téléchargements']","['youtube music', 'apple music']","[""s'échapper"", 'se concentrer', 'se mettre dans sa bulle']","['rock', 'jazz', 'reggae']",5.0,avec une voix mais en fond,1.0,positives,oui,3.0,3.0,entre 45 et 54 ans,femme,arts & médias
2025-10-10,"j’ai lu et compris les informations ci-dessus, et je consens à participer.",True,+ d'une fois par jour,"['seul(e)', 'entre amis', 'en famille', 'en fête']",1.0,['streaming'],['spotify'],"['passer le temps', ""s'échapper"", 'se concentrer', 'se mettre dans sa bulle']","['classique', 'pop', 'rock', 'latino', 'variétés françaises toutes époques']",5.0,avec des paroles,2.0,positives,oui,4.0,3.0,entre 35 et 44 ans,femme,ne peux plus travailler
2025-10-10,"j’ai lu et compris les informations ci-dessus, et je consens à participer.",True,+ d'une fois par jour,['seul(e)'],1.0,['streaming'],['youtube music'],['se mettre dans sa bulle'],['rock'],11.0,avec des paroles,1.0,tristes,oui,4.0,3.0,entre 35 et 44 ans,homme,commerce & services
2025-10-10,"j’ai lu et compris les informations ci-dessus, et je consens à participer.",True,+ d'une fois par jour,"['seul(e)', 'entre amis']",1.0,"['streaming', 'cd', 'téléchargements']",['youtube music'],"['passer le temps', ""s'échapper"", 'danser', 'se mettre dans sa bulle']","['classique', 'pop', 'rock', 'jazz', 'soul-r&b', 'reggae']",5.0,avec des paroles,1.0,tristes,oui,3.0,4.0,entre 55 et 64 ans,femme,en invalidité
2025-10-10,"j’ai lu et compris les informations ci-dessus, et je consens à participer.",True,+ d'une fois par jour,"['seul(e)', 'entre amis', 'en famille', 'en fête', 'autre']",1.0,"['streaming', 'vinyle', 'cd']","['spotify', 'youtube music']","['passer le temps', 'faire la fête', ""s'échapper"", 'danser', 'se mettre dans sa bulle']","['classique', 'pop', 'rock', 'dance - electro', 'jazz', 'reggae']",5.0,uniquement instrumentaux,2.0,tristes,oui,4.0,4.0,entre 35 et 44 ans,femme,commerce & services
2025-10-10,"j’ai lu et compris les informations ci-dessus, et je consens à participer.",True,+ d'une fois par jour,"['seul(e)', 'entre amis', 'en famille', 'en fête']",1.0,"['vinyle', 'cd']","[""je n'écoute pas sur une platforme de streaming""]","['passer le temps', ""s'échapper"", 'se mettre dans sa bulle']",['latino'],5.0,avec des paroles,2.0,positives,oui,4.0,4.0,entre 55 et 64 ans,femme,santé
2025-10-10,"j’ai lu et compris les informations ci-dessus, et je consens à participer.",True,+ d'une fois par jour,"['seul(e)', 'entre amis', 'en famille', 'en fête']",1.0,['streaming'],['youtube music'],"[""s'échapper"", 'danser', 'se mettre dans sa bulle']",['pop'],5.0,avec des paroles,3.0,positives,oui,4.0,3.0,entre 45 et 54 ans,femme,éducation
2025-10-10,"j’ai lu et compris les informations ci-dessus, et je consens à participer.",True,+ d'une fois par jour,"['seul(e)', 'entre amis', 'en famille']",4.0,['streaming'],['spotify'],"['passer le temps', ""s'échapper"", 'se mettre dans sa bulle']","['pop', 'rock', 'kpop']",5.0,avec des paroles,2.0,positives,non,4.0,3.0,entre 45 et 54 ans,femme,arts & médias
2025-10-10,"j’ai lu et compris les informations ci-dessus, et je consens à participer.",True,+ d'une fois par jour,"['seul(e)', 'entre amis', 'en famille']",4.0,['streaming'],['spotify'],"['passer le temps', ""s'échapper"", 'se mettre dans sa bulle']","['pop', 'rock', 'kpop']",5.0,avec des paroles,2.0,positives,non,4.0,3.0,entre 45 et 54 ans,femme,arts & médias
2025-10-10,"j’ai lu et compris les informations ci-dessus, et je consens à participer.",True,+ d'une fois par jour,"['seul(e)', 'entre amis', 'en famille', 'en fête']",1.0,['streaming'],"['spotify', 'amazone music']","['passer le temps', 'faire la fête', 'se concentrer']","['rap', 'rock', 'jazz', 'soul-r&b']",5.0,uniquement instrumentaux,2.0,positives,oui,4.0,4.0,entre 45 et 54 ans,homme,technologie & informatique
2025-10-10,"j’ai lu et compris les informations ci-dessus, et je consens à participer.",True,+ d'une fois par jour,"['seul(e)', 'entre amis', 'en famille', 'en fête', 'autre']",4.0,"['streaming', 'cd']","['spotify', 'youtube music']","['passer le temps', ""s'échapper"", 'se concentrer']","['classique', 'pop', 'rock']",11.0,avec des paroles,2.0,positives,oui,3.0,3.0,entre 45 et 54 ans,homme,technologie & informatique
2025-10-10,"j’ai lu et compris les informations ci-dessus, et je consens à participer.",True,+ d'une fois par jour,"['seul(e)', 'entre amis', 'en fête']",3.0,"['streaming', 'téléchargements']","['spotify', 'youtube music']","['faire la fête', ""s'échapper"", 'danser', 'se mettre dans sa bulle']","['pop', 'rock']",5.0,avec des paroles,2.0,positives,oui,4.0,4.0,entre 45 et 54 ans,femme,santé
2025-10-10,"j’ai lu et compris les informations ci-dessus, et je consens à participer.",True,+ d'une fois par jour,"['seul(e)', 'entre amis', 'en famille', 'en fête']",4.0,"['streaming', 'cd', 'radio']",['youtube music'],"[""s'échapper"", 'se mettre dans sa bulle']","['pop', 'rock']",11.0,avec des paroles,2.0,tristes,oui,4.0,3.0,entre 45 et 54 ans,femme,commerce & services
2025-10-10,"j’ai lu et compris les informations ci-dessus, et je consens à participer.",True,+ d'une fois par jour,['seul(e)'],1.0,"['streaming', 'téléchargements']",['deezer'],['passer le temps'],"['jazz', 'latino', 'soul-r&b']",11.0,avec des paroles,2.0,positives,oui,4.0,3.0,65 ans et +,femme,éducation
2025-10-10,"j’ai lu et compris les informations ci-dessus, et je consens à participer.",True,+ d'une fois par jour,"['seul(e)', 'en famille']",1.0,['cd'],"[""je n'écoute pas sur une platforme de streaming""]","['passer le temps', ""s'échapper""]",['musique française'],11.0,avec des paroles,2.0,positives,non,4.0,3.0,entre 45 et 54 ans,femme,enfance
2025-10-10,"j’ai lu et compris les informations ci-dessus, et je consens à participer.",True,+ d'une fois par jour,"['seul(e)', 'en famille']",3.0,"['streaming', 'téléchargements']","['youtube music', 'apple music']","['passer le temps', ""s'échapper"", 'se mettre dans sa bulle']","['classique', 'pop', 'rap', 'rock', 'reggae']",11.0,avec des paroles,2.0,positives,oui,4.0,3.0,entre 25 et 34 ans,homme,préfère ne pas dire
2025-10-10,"j’ai lu et compris les informations ci-dessus, et je consens à participer.",True,+ d'une fois par mois,"['seul(e)', 'en famille', 'en fête']",4.0,"['streaming', 'cd']","['spotify', 'youtube music']","['faire la fête', 'se concentrer', 'se mettre dans sa bulle']","['classique', 'pop', 'rap', 'rock', 'blues', 'paillarde']",5.0,avec des paroles,3.0,positives,non,4.0,2.0,entre 35 et 44 ans,homme,construction & industrie
2025-10-10,"j’ai lu et compris les informations ci-dessus, et je consens à participer.",True,+ d'une fois par jour,"['seul(e)', 'en famille', 'en fête']",1.0,['radio'],"[""je n'écoute pas sur une platforme de streaming""]","['passer le temps', 'faire la fête', 'danser']","['classique', 'pop', 'rock']",5.0,avec une voix mais en fond,2.0,positives,oui,3.0,2.0,entre 55 et 64 ans,homme,commerce & services
2025-10-10,"j’ai lu et compris les informations ci-dessus, et je consens à participer.",True,+ d'une fois par semaine,"['seul(e)', 'en famille']",4.0,"['streaming', 'radio']",['deezer'],"['passer le temps', 'faire la fête', ""s'échapper"", 'danser', 'se concentrer']","['pop', 'rock', 'dance - electro', 'latino']",10.0,avec des paroles,3.0,positives,oui,4.0,3.0,entre 45 et 54 ans,homme,armée
2025-10-10,"j’ai lu et compris les informations ci-dessus, et je consens à participer.",True,+ d'une fois par jour,"['seul(e)', 'en famille']",1.0,"['streaming', 'cd']",['youtube music'],"[""s'échapper"", 'se concentrer']","['rock', 'latino', 'soul-r&b', 'reggae']",11.0,avec des paroles,1.0,positives,oui,4.0,3.0,entre 55 et 64 ans,homme,retraite
2025-10-10,"j’ai lu et compris les informations ci-dessus, et je consens à participer.",True,+ d'une fois par semaine,"['seul(e)', 'entre amis', 'en famille', 'en fête']",4.0,['streaming'],"['youtube music', 'apple music']","[""s'échapper"", 'se mettre dans sa bulle']","['rock', 'metal']",11.0,avec une voix mais en fond,1.0,tristes,oui,4.0,3.0,entre 25 et 34 ans,homme,technologie & informatique
2025-10-10,"j’ai lu et compris les informations ci-dessus, et je consens à participer.",True,+ d'une fois par jour,"['seul(e)', 'en famille', 'en fête']",4.0,"['streaming', 'vinyle']",['amazonmusic'],"['faire la fête', ""s'échapper"", 'se mettre dans sa bulle']","['rock', 'soul-r&b', 'variété française']",10.0,avec des paroles,1.0,positives,oui,4.0,3.0,entre 55 et 64 ans,homme,technologie & informatique
2025-10-10,"j’ai lu et compris les informations ci-dessus, et je consens à participer.",True,+ d'une fois par jour,['autre'],1.0,['en voiture'],"[""je n'écoute pas sur une platforme de streaming""]","['passer le temps', 'se concentrer', 'se mettre dans sa bulle']","['pop', 'dance - electro']",11.0,avec des paroles,2.0,positives,oui,4.0,4.0,entre 45 et 54 ans,homme,préfère ne pas dire
2025-10-10,"j’ai lu et compris les informations ci-dessus, et je consens à participer.",True,+ d'une fois par jour,"['seul(e)', 'entre amis', 'en famille', 'en fête']",1.0,['streaming'],['spotify'],"['passer le temps', 'faire la fête', ""s'échapper"", 'danser', 'se concentrer', 'se mettre dans sa bulle']","['classique', 'pop', 'rock', 'jazz']",5.0,avec des paroles,1.0,positives,oui,4.0,3.0,entre 25 et 34 ans,homme,préfère ne pas dire
2025-10-10,"j’ai lu et compris les informations ci-dessus, et je consens à participer.",True,+ d'une fois par semaine,"['seul(e)', 'en famille']",1.0,"['streaming', 'téléchargements']","['spotify', 'youtube music']","['passer le temps', 'se mettre dans sa bulle']","['classique', 'pop', 'rock', 'b.o']",5.0,avec des paroles,2.0,tristes,non,4.0,3.0,entre 45 et 54 ans,femme,etat
2025-10-10,"j’ai lu et compris les informations ci-dessus, et je consens à participer.",True,+ d'une fois par jour,['seul(e)'],1.0,['streaming'],['spotify'],"[""s'échapper""]","['classique', 'pop', 'rock', 'latino']",5.0,avec des paroles,3.0,positives,oui,4.0,2.0,entre 55 et 64 ans,femme,santé
2025-10-10,"j’ai lu et compris les informations ci-dessus, et je consens à participer.",True,+ d'une fois par jour,"['seul(e)', 'entre amis', 'en famille', 'en fête', 'autre']",3.0,"['streaming', 'cd']","['spotify', 'apple music']","['passer le temps', 'faire la fête', ""s'échapper"", 'danser', 'se concentrer', 'se mettre dans sa bulle']","['pop', 'rock', 'latino', 'soul-r&b', 'reggae']",10.0,avec des paroles,2.0,positives,oui,4.0,4.0,entre 35 et 44 ans,homme,transport
2025-10-10,"j’ai lu et compris les informations ci-dessus, et je consens à participer.",True,+ d'une fois par semaine,"['seul(e)', 'autre']",3.0,['streaming'],['youtube music'],"['passer le temps', ""s'échapper"", 'se mettre dans sa bulle']","['classique', 'pop', 'rap', 'rock', 'dance - electro', 'jazz', 'latino', 'soul-r&b', 'reggae']",11.0,avec des paroles,2.0,positives,non,4.0,3.0,entre 45 et 54 ans,homme,préfère ne pas dire
2025-10-10,"j’ai lu et compris les informations ci-dessus, et je consens à participer.",True,+ d'une fois par semaine,['seul(e)'],3.0,['cd'],['youtube music'],['se mettre dans sa bulle'],"['classique', 'pop']",5.0,avec des paroles,2.0,tristes,non,4.0,4.0,entre 45 et 54 ans,femme,commerce & services
2025-10-10,"j’ai lu et compris les informations ci-dessus, et je consens à participer.",True,+ d'une fois par jour,"['seul(e)', 'en famille']",1.0,['radio'],"[""je n'écoute pas sur une platforme de streaming""]",['passer le temps'],"['pop', 'dance - electro', 'jazz', 'latino']",5.0,avec des paroles,2.0,positives,non,4.0,3.0,entre 35 et 44 ans,femme,santé
2025-10-10,"j’ai lu et compris les informations ci-dessus, et je consens à participer.",True,+ d'une fois par jour,"['seul(e)', 'entre amis', 'en fête']",4.0,"['streaming', 'cd']","[""je n'écoute pas sur une platforme de streaming""]","['passer le temps', 'faire la fête', ""s'échapper"", 'danser', 'se mettre dans sa bulle']","['pop', 'rock', 'dance - electro', 'bretonne']",11.0,avec des paroles,3.0,positives,oui,4.0,4.0,entre 45 et 54 ans,femme,santé
2025-10-10,"j’ai lu et compris les informations ci-dessus, et je consens à participer.",True,+ d'une fois par jour,['seul(e)'],3.0,"['streaming', 'cd']",['youtube music'],"[""s'échapper"", 'se concentrer', 'se mettre dans sa bulle']",['chansons françaises'],5.0,avec des paroles,2.0,positives,oui,4.0,3.0,entre 55 et 64 ans,femme,technologie & informatique
2025-10-10,"j’ai lu et compris les informations ci-dessus, et je consens à participer.",True,+ d'une fois par jour,"['seul(e)', 'en famille', 'en fête']",1.0,"['cd', 'radio ordinateur']",['youtube music'],"['passer le temps', 'faire la fête', 'se concentrer']","['classique', 'jazz', 'breton', 'celtique', 'harpe']",5.0,avec des paroles,1.0,positives,non,4.0,4.0,entre 55 et 64 ans,femme,magnétiseuse
2025-10-10,"j’ai lu et compris les informations ci-dessus, et je consens à participer.",True,+ d'une fois par jour,['seul(e)'],1.0,['streaming'],['apple music'],"[""s'échapper""]","['pop', 'rock', 'dance - electro', 'latino']",5.0,avec des paroles,2.0,positives,oui,3.0,3.0,entre 45 et 54 ans,femme,préfère ne pas dire
2025-10-10,"j’ai lu et compris les informations ci-dessus, et je consens à participer.",True,+ d'une fois par jour,['seul(e)'],4.0,"['streaming', 'téléchargements']","['spotify', 'youtube music', 'apple music']","[""s'échapper"", 'danser', 'se mettre dans sa bulle']","['pop', 'rap', 'rock', 'soul-r&b']",5.0,avec des paroles,1.0,positives,non,3.0,3.0,entre 55 et 64 ans,femme,santé
2025-10-10,"j’ai lu et compris les informations ci-dessus, et je consens à participer.",True,+ d'une fois par jour,"['seul(e)', 'en fête']",1.0,"['cd', 'radio']","['spotify', 'soundcloud']","['faire la fête', 'se mettre dans sa bulle']","['classique', 'pop', 'rock', 'jazz']",5.0,avec des paroles,2.0,positives,oui,4.0,3.0,entre 55 et 64 ans,femme,formation
2025-10-10,"j’ai lu et compris les informations ci-dessus, et je consens à participer.",True,+ d'une fois par jour,['seul(e)'],1.0,['streaming'],"['deezer', 'youtube music']","[""s'échapper"", 'se mettre dans sa bulle']",['pop'],2.0,avec des paroles,2.0,positives,oui,4.0,3.0,entre 45 et 54 ans,femme,commerce & services
2025-10-10,"j’ai lu et compris les informations ci-dessus, et je consens à participer.",True,+ d'une fois par jour,"['seul(e)', 'en fête']",1.0,['téléchargements'],['deezer'],"[""s'échapper"", 'danser']","['pop', 'rock', 'dance - electro']",5.0,avec des paroles,2.0,positives,non,4.0,3.0,entre 45 et 54 ans,femme,santé
2025-10-10,"j’ai lu et compris les informations ci-dessus, et je consens à participer.",True,+ d'une fois par jour,"['seul(e)', 'entre amis', 'en fête', 'autre']",3.0,['radio'],['deezer'],"['passer le temps', 'faire la fête', ""s'échapper"", 'danser', 'se mettre dans sa bulle']","['pop', 'rock', 'latino', 'variétés']",5.0,avec des paroles,2.0,positives,oui,4.0,4.0,entre 45 et 54 ans,femme,taxis
2025-10-10,"j’ai lu et compris les informations ci-dessus, et je consens à participer.",True,+ d'une fois par semaine,"['seul(e)', 'entre amis', 'en fête']",3.0,"['cd', 'radio']","[""je n'écoute pas sur une platforme de streaming""]","['passer le temps', ""s'échapper"", 'se mettre dans sa bulle']",['classique'],11.0,avec des paroles,2.0,positives,non,4.0,3.0,entre 55 et 64 ans,femme,éducation
2025-10-10,"j’ai lu et compris les informations ci-dessus, et je consens à participer.",True,+ d'une fois par jour,"['seul(e)', 'entre amis', 'en famille']",4.0,['you tube'],['youtube music'],"[""s'échapper""]","['pop', 'rap', 'rock', 'dance - electro']",5.0,avec des paroles,2.0,positives,non,4.0,2.0,entre 45 et 54 ans,femme,commerce & services
2025-10-10,"j’ai lu et compris les informations ci-dessus, et je consens à participer.",True,+ d'une fois par jour,"['seul(e)', 'en famille', 'en fête']",1.0,['streaming'],['youtube music'],"['passer le temps', 'faire la fête', ""s'échapper""]","['pop', 'rock', 'variétés française']",5.0,avec des paroles,2.0,positives,oui,4.0,3.0,entre 45 et 54 ans,femme,commerce & services
2025-10-10,"j’ai lu et compris les informations ci-dessus, et je consens à participer.",True,+ d'une fois par jour,['seul(e)'],1.0,"['vinyle', 'radio']",['youtube music'],"[""s'échapper""]","['pop', 'latino']",5.0,avec des paroles,2.0,positives,non,4.0,4.0,entre 45 et 54 ans,femme,santé
2025-10-10,"j’ai lu et compris les informations ci-dessus, et je consens à participer.",True,+ d'une fois par jour,"['seul(e)', 'entre amis']",1.0,['radio'],"[""je n'écoute pas sur une platforme de streaming""]","['passer le temps', ""s'échapper""]","['pop', 'rock', 'dance - electro']",11.0,avec des paroles,2.0,positives,non,4.0,4.0,entre 45 et 54 ans,femme,éducation
2025-10-10,"j’ai lu et compris les informations ci-dessus, et je consens à participer.",True,+ d'une fois par jour,"['seul(e)', 'entre amis', 'en famille']",1.0,"['streaming', 'téléchargements']",['spotify'],"[""s'échapper""]","['pop', 'rap', 'soul-r&b', 'reggae']",11.0,avec des paroles,2.0,positives,non,4.0,3.0,entre 55 et 64 ans,femme,retraite
2025-10-11,"j’ai lu et compris les informations ci-dessus, et je consens à participer.",True,+ d'une fois par jour,"['seul(e)', 'en famille', 'en fête']",1.0,['cd'],"[""je n'écoute pas sur une platforme de streaming""]","[""s'échapper""]",['pop'],11.0,avec des paroles,2.0,positives,oui,4.0,3.0,entre 55 et 64 ans,femme,préfère ne pas dire
2025-10-11,"j’ai lu et compris les informations ci-dessus, et je consens à participer.",True,+ d'une fois par jour,"['seul(e)', 'entre amis', 'en famille', 'en fête']",1.0,['streaming'],['spotify'],"['passer le temps', 'faire la fête', ""s'échapper"", 'danser', 'se mettre dans sa bulle']","['rap', 'dance - electro', 'jazz']",5.0,avec des paroles,1.0,positives,oui,3.0,3.0,entre 45 et 54 ans,femme,santé
2025-10-11,"j’ai lu et compris les informations ci-dessus, et je consens à participer.",True,+ d'une fois par semaine,['seul(e)'],3.0,['cd'],"[""je n'écoute pas sur une platforme de streaming""]","[""s'échapper""]",['parolier'],11.0,avec des paroles,1.0,positives,oui,3.0,3.0,65 ans et +,femme,retraite
2025-10-11,"j’ai lu et compris les informations ci-dessus, et je consens à participer.",True,+ d'une fois par jour,"['seul(e)', 'entre amis', 'en fête']",4.0,['u'],"['spotify', 'youtube music']","[""s'échapper"", 'danser', 'se mettre dans sa bulle']","['dance - electro', 'latino']",5.0,avec une voix mais en fond,3.0,positives,non,3.0,3.0,entre 45 et 54 ans,femme,éducation
2025-10-11,"j’ai lu et compris les informations ci-dessus, et je consens à participer.",True,+ d'une fois par jour,['seul(e)'],3.0,['téléchargements'],['youtube music'],"[""s'échapper"", 'se mettre dans sa bulle']",['classique'],11.0,avec des paroles,2.0,positives,oui,3.0,2.0,entre 45 et 54 ans,femme,construction & industrie
2025-10-11,"j’ai lu et compris les informations ci-dessus, et je consens à participer.",True,+ d'une fois par jour,"['seul(e)', 'en famille', 'en fête']",3.0,['streaming'],['deezer'],"['passer le temps', 'faire la fête', 'danser']","['pop', 'dance - electro']",5.0,avec des paroles,2.0,positives,non,3.0,3.0,entre 35 et 44 ans,femme,santé
2025-10-11,"j’ai lu et compris les informations ci-dessus, et je consens à participer.",True,+ d'une fois par semaine,"['seul(e)', 'en fête']",4.0,['téléchargements'],"[""je n'écoute pas sur une platforme de streaming""]","['passer le temps', 'faire la fête', 'danser', 'se concentrer']","['rock', 'dance - electro']",2.0,avec des paroles,2.0,positives,non,4.0,2.0,entre 35 et 44 ans,femme,arts & médias
2025-10-11,"j’ai lu et compris les informations ci-dessus, et je consens à participer.",True,+ d'une fois par jour,"['seul(e)', 'en famille']",1.0,['streaming'],"['spotify', 'deezer', 'youtube music']","['passer le temps', 'faire la fête', ""s'échapper"", 'danser', 'se mettre dans sa bulle']","['pop', 'rap', 'latino', 'soul-r&b']",11.0,avec des paroles,2.0,positives,oui,3.0,4.0,entre 55 et 64 ans,femme,santé
2025-10-11,"j’ai lu et compris les informations ci-dessus, et je consens à participer.",True,+ d'une fois par jour,"['seul(e)', 'entre amis', 'en famille', 'en fête', 'autre']",4.0,"['streaming', 'cd', 'téléchargements']",['youtube music'],"['passer le temps', 'faire la fête', ""s'échapper"", 'danser']","['classique', 'rock', 'jazz', 'latino', 'soul-r&b', 'reggae']",5.0,avec des paroles,1.0,positives,oui,3.0,4.0,entre 45 et 54 ans,femme,santé
2025-10-11,"j’ai lu et compris les informations ci-dessus, et je consens à participer.",True,+ d'une fois par jour,['seul(e)'],3.0,['radio'],"[""je n'écoute pas sur une platforme de streaming""]",['passer le temps'],['français'],2.0,avec des paroles,2.0,tristes,non,3.0,3.0,entre 45 et 54 ans,femme,service
2025-10-12,"j’ai lu et compris les informations ci-dessus, et je consens à participer.",True,+ d'une fois par jour,"['seul(e)', 'entre amis', 'en famille', 'en fête']",3.0,['streaming'],['spotify'],"['passer le temps', 'faire la fête', ""s'échapper"", 'danser', 'se concentrer']","['rock', 'jazz', 'soul-r&b']",5.0,avec une voix mais en fond,2.0,positives,oui,4.0,4.0,entre 45 et 54 ans,femme,santé
2025-10-12,"j’ai lu et compris les informations ci-dessus, et je consens à participer.",True,+ d'une fois par jour,['seul(e)'],3.0,['streaming'],['deezer'],"['passer le temps', ""s'échapper""]",['rock'],11.0,avec des paroles,2.0,positives,oui,4.0,3.0,entre 45 et 54 ans,homme,construction & industrie
2025-10-13,"j’ai lu et compris les informations ci-dessus, et je consens à participer.",True,+ d'une fois par jour,"['seul(e)', 'entre amis', 'en fête', 'autre']",4.0,['streaming'],['spotify'],"['passer le temps', 'faire la fête', ""s'échapper"", 'danser', 'se concentrer', 'se mettre dans sa bulle']","['classique', 'pop', 'rock', 'jazz', 'latino', 'soul-r&b', 'reggae', 'kpop']",5.0,avec une voix mais en fond,2.0,positives,non,4.0,4.0,entre 25 et 34 ans,homme,éducation
2025-10-14,"j’ai lu et compris les informations ci-dessus, et je consens à participer.",True,+ d'une fois par jour,"['seul(e)', 'en fête']",4.0,"['streaming', 'téléchargements']",['spotify'],"['se concentrer', 'se mettre dans sa bulle']","['pop', 'rap', 'techno']",5.0,"avec une voix mais en fond,  avec des paroles",3.0,tristes,non,3.0,4.0,entre 19 et 24 ans,homme,technologie & informatique
2025-10-15,"j’ai lu et compris les informations ci-dessus, et je consens à participer.",True,+ d'une fois par jour,"['seul(e)', 'entre amis', 'en famille', 'en fête']",4.0,['streaming'],"['youtube music', 'soundcloud']","['faire la fête', 'se concentrer', 'se mettre dans sa bulle']","['pop', 'rap', 'rock', 'dance - electro', 'jazz']",5.0,avec une voix mais en fond,2.0,positives,non,3.0,4.0,entre 19 et 24 ans,homme,technologie & informatique
2025-10-15,"j’ai lu et compris les informations ci-dessus, et je consens à participer.",True,+ d'une fois par jour,"['seul(e)', 'entre amis', 'en fête']",4.0,['streaming'],"['spotify', 'soundcloud']","[""s'échapper"", 'danser', 'se concentrer', 'se mettre dans sa bulle']","['pop', 'rap', 'dance - electro', 'jazz', 'reggae', 'techno']",11.0,"uniquement instrumentaux,  avec une voix mais en fond",3.0,tristes,oui,3.0,4.0,entre 19 et 24 ans,homme,étudiant
2025-10-15,"j’ai lu et compris les informations ci-dessus, et je consens à participer.",True,+ d'une fois par jour,"['seul(e)', 'entre amis', 'en famille', 'en fête']",1.0,['streaming'],['youtube music'],"['passer le temps', 'faire la fête', ""s'échapper"", 'danser']","['pop', 'rap']",5.0,avec des paroles,2.0,positives,non,3.0,3.0,entre 13 et 18 ans,homme,arts & médias
2025-10-16,"j’ai lu et compris les informations ci-dessus, et je consens à participer.",True,+ d'une fois par jour,"['seul(e)', 'entre amis', 'en famille', 'en fête', 'autre']",1.0,['streaming'],['spotify'],"['passer le temps', 'faire la fête', ""s'échapper"", 'danser', 'se concentrer', 'se mettre dans sa bulle']","['pop', 'rap', 'rock', 'dance - electro']",5.0,"uniquement instrumentaux,  avec des paroles",2.0,positives,oui,3.0,3.0,entre 13 et 18 ans,homme,arts & médias
2025-10-16,"j’ai lu et compris les informations ci-dessus, et je consens à participer.",True,+ d'une fois par semaine,"['seul(e)', 'entre amis']",4.0,"['streaming', 'cd']",['youtube music'],"['passer le temps', 'se mettre dans sa bulle']","['classique', 'pop', 'dance - electro', 'latino']",5.0,"uniquement instrumentaux,  avec une voix mais en fond,  avec des paroles",2.0,positives,non,4.0,3.0,entre 25 et 34 ans,homme,éducation
2025-10-17,"j’ai lu et compris les informations ci-dessus, et je consens à participer.",True,+ d'une fois par jour,"['seul(e)', 'entre amis', 'en famille', 'en fête', 'autre']",4.0,"['streaming', 'vinyle', 'cd', 'téléchargements']","['deezer', 'youtube revanced']","['passer le temps', 'se mettre dans sa bulle', 'pour en faire']","['rock', 'eurobeat']",5.0,"uniquement instrumentaux,  avec une voix mais en fond,  avec des paroles",3.0,positives,oui,3.0,3.0,entre 13 et 18 ans,homme,technologie & informatique
2025-10-18,"j’ai lu et compris les informations ci-dessus, et je consens à participer.",True,+ d'une fois par semaine,"['seul(e)', 'en fête']",3.0,['radio'],"[""je n'écoute pas sur une platforme de streaming""]","['passer le temps', 'fond musical  pendant  le travail ou au volant  de ma voiture']","['classique', 'pop', 'rock', 'jazz', 'latino', 'soul-r&b', 'reggae']",10.0,"avec une voix mais en fond,  avec des paroles",2.0,positives,non,3.0,3.0,entre 55 et 64 ans,homme,construction & industrie
2025-10-18,"j’ai lu et compris les informations ci-dessus, et je consens à participer.",True,+ d'une fois par semaine,['seul(e)'],4.0,['téléchargements'],['youtube music'],['se mettre dans sa bulle'],"['classique', 'rap', 'rock', 'dance - electro', 'reggae']",5.0,"avec une voix mais en fond,  avec des paroles",1.0,tristes,non,3.0,4.0,entre 19 et 24 ans,homme,etudiant en sciences
2025-10-20,"j’ai lu et compris les informations ci-dessus, et je consens à participer.",True,+ d'une fois par jour,"['seul(e)', 'entre amis', 'en famille', 'en fête']",4.0,"['streaming', 'vinyle', 'cd']",['spotify'],"['faire la fête', ""s'échapper"", 'danser', 'se concentrer', 'se mettre dans sa bulle']","['pop', 'rock', 'soul-r&b']",5.0,avec des paroles,1.0,tristes,oui,3.0,3.0,entre 19 et 24 ans,homme,arts & médias
2025-10-21,"j’ai lu et compris les informations ci-dessus, et je consens à participer.",True,+ d'une fois par jour,"['seul(e)', 'entre amis', 'en famille', 'en fête', 'autre']",4.0,"['streaming', 'vinyle', 'cd', 'téléchargements']","['youtube music', 'apple music']","['passer le temps', 'faire la fête', ""s'échapper"", 'danser', 'se concentrer', 'se mettre dans sa bulle']","['classique', 'pop', 'rap', 'dance - electro', 'jazz', 'latino', 'soul-r&b']",5.0,"uniquement instrumentaux,  avec une voix mais en fond,  avec des paroles",2.0,positives,oui,3.0,4.0,entre 13 et 18 ans,homme,étudiant
2025-10-22,"j’ai lu et compris les informations ci-dessus, et je consens à participer.",True,+ d'une fois par semaine,['seul(e)'],3.0,['mp3 de musique chargée à partir de cd'],"[""je n'écoute pas sur une platforme de streaming""]","['passer le temps', 'se mettre dans sa bulle', 'mp3 utilisé pendant la natation en piscine.']","['pop', 'jazz', 'soul-r&b', 'parodique (les goguettes)']",5.0,avec des paroles,2.0,tristes,oui,3.0,2.0,entre 45 et 54 ans,femme,santé
2025-10-24,"j’ai lu et compris les informations ci-dessus, et je consens à participer.",True,+ d'une fois par jour,"['seul(e)', 'en fête']",3.0,['streaming'],"['deezer', 'soundcloud']","['faire la fête', 'se concentrer', 'se mettre dans sa bulle']","['pop', 'rap', 'rock', 'dance - electro', 'latino']",5.0,"uniquement instrumentaux,  avec des paroles",2.0,positives,non,4.0,4.0,entre 19 et 24 ans,homme,santé
2025-10-28,"j’ai lu et compris les informations ci-dessus, et je consens à participer.",True,+ d'une fois par jour,"['seul(e)', 'entre amis', 'en famille', 'en fête']",1.0,"['streaming', 'téléchargements']",['spotify'],"['faire la fête', ""s'échapper"", 'danser', 'se concentrer', 'se mettre dans sa bulle']","['pop', 'rap', 'rock', 'dance - electro']",5.0,avec des paroles,1.0,positives,non,4.0,4.0,entre 25 et 34 ans,homme,éducation
2025-10-28,"j’ai lu et compris les informations ci-dessus, et je consens à participer.",True,+ d'une fois par jour,"['seul(e)', 'entre amis', 'en famille', 'en fête', 'autre']",4.0,['streaming'],['deezer'],"['faire la fête', 'se concentrer']",['rap'],5.0,avec des paroles,2.0,positives,non,4.0,2.0,entre 19 et 24 ans,homme,technologie & informatique
2025-10-28,"j’ai lu et compris les informations ci-dessus, et je consens à participer.",True,+ d'une fois par jour,"['seul(e)', 'en famille']",4.0,"['streaming', 'vinyle']",['deezer'],"[""s'échapper"", 'se mettre dans sa bulle']","['classique', 'pop', 'rock', 'jazz', 'soul-r&b', 'variété française']",5.0,"uniquement instrumentaux,  avec une voix mais en fond,  avec des paroles",1.0,positives,oui,4.0,4.0,entre 55 et 64 ans,homme,technologie & informatique
